"TimeStep","Gradient:0","Gradient:1","Gradient:2","temperature","vtkValidPointMask","arc_length","Points:0","Points:1","Points:2"
3,0.00052606,0,0,0,1,0,0,0.5,0
3,0.00052607,-2.3222e-10,0,5.2606e-07,1,0.001,0.001,0.5,0
3,0.00052609,-4.6443e-10,0,1.0521e-06,1,0.002,0.002,0.5,0
3,0.0005261,-6.9665e-10,0,1.5782e-06,1,0.003,0.003,0.5,0
3,0.00052612,-9.2887e-10,0,2.1042e-06,1,0.004,0.004,0.5,0
3,0.00052613,-1.1611e-09,0,2.6303e-06,1,0.005,0.005,0.5,0
3,0.00052614,-1.3933e-09,0,3.1563e-06,1,0.006,0.006,0.5,0
3,0.00052616,-1.6255e-09,0,3.6824e-06,1,0.007,0.007,0.5,0
3,0.00052617,-1.8577e-09,0,4.2085e-06,1,0.008,0.008,0.5,0
3,0.00052619,-2.09e-09,0,4.7345e-06,1,0.009,0.009,0.5,0
3,0.0005262,-2.3222e-09,0,5.2606e-06,1,0.01,0.01,0.5,0
3,0.00052624,-3.4295e-09,0,5.7869e-06,1,0.011,0.011,0.5,0
3,0.00052629,-4.5368e-09,0,6.3133e-06,1,0.012,0.012,0.5,0
3,0.00052633,-5.6441e-09,0,6.8396e-06,1,0.013,0.013,0.5,0
3,0.00052637,-6.7514e-09,0,7.366e-06,1,0.014,0.014,0.5,0
3,0.00052641,-7.8587e-09,0,7.8923e-06,1,0.015,0.015,0.5,0
3,0.00052645,-8.966e-09,0,8.4187e-06,1,0.016,0.016,0.5,0
3,0.00052649,-1.0073e-08,0,8.945e-06,1,0.017,0.017,0.5,0
3,0.00052653,-1.1181e-08,0,9.4713e-06,1,0.018,0.018,0.5,0
3,0.00052658,-1.2288e-08,0,9.9977e-06,1,0.019,0.019,0.5,0
3,0.00052662,-1.3395e-08,0,1.0524e-05,1,0.02,0.02,0.5,0
3,0.00052668,-1.3882e-08,0,1.1051e-05,1,0.021,0.021,0.5,0
3,0.00052675,-1.4368e-08,0,1.1578e-05,1,0.022,0.022,0.5,0
3,0.00052682,-1.4854e-08,0,1.2105e-05,1,0.023,0.023,0.5,0
3,0.00052688,-1.5341e-08,0,1.2632e-05,1,0.024,0.024,0.5,0
3,0.00052695,-1.5827e-08,0,1.3158e-05,1,0.025,0.025,0.5,0
3,0.00052701,-1.6314e-08,0,1.3685e-05,1,0.026,0.026,0.5,0
3,0.00052708,-1.68e-08,0,1.4212e-05,1,0.027,0.027,0.5,0
3,0.00052715,-1.7286e-08,0,1.4739e-05,1,0.028,0.028,0.5,0
3,0.00052721,-1.7773e-08,0,1.5266e-05,1,0.029,0.029,0.5,0
3,0.00052728,-1.8259e-08,0,1.5793e-05,1,0.03,0.03,0.5,0
3,0.00052737,-1.7537e-08,0,1.6321e-05,1,0.031,0.031,0.5,0
3,0.00052746,-1.6814e-08,0,1.6848e-05,1,0.032,0.032,0.5,0
3,0.00052755,-1.6092e-08,0,1.7376e-05,1,0.033,0.033,0.5,0
3,0.00052764,-1.5369e-08,0,1.7904e-05,1,0.034,0.034,0.5,0
3,0.00052773,-1.4647e-08,0,1.8431e-05,1,0.035,0.035,0.5,0
3,0.00052782,-1.3924e-08,0,1.8959e-05,1,0.036,0.036,0.5,0
3,0.00052791,-1.3202e-08,0,1.9487e-05,1,0.037,0.037,0.5,0
3,0.000528,-1.2479e-08,0,2.0014e-05,1,0.038,0.038,0.5,0
3,0.00052809,-1.1757e-08,0,2.0542e-05,1,0.039,0.039,0.5,0
3,0.00052818,-1.1035e-08,0,2.107e-05,1,0.04,0.04,0.5,0
3,0.00052829,-9.9368e-09,0,2.1598e-05,1,0.041,0.041,0.5,0
3,0.00052841,-8.8391e-09,0,2.2127e-05,1,0.042,0.042,0.5,0
3,0.00052852,-7.7414e-09,0,2.2656e-05,1,0.043,0.043,0.5,0
3,0.00052863,-6.6437e-09,0,2.3184e-05,1,0.044,0.044,0.5,0
3,0.00052874,-5.546e-09,0,2.3713e-05,1,0.045,0.045,0.5,0
3,0.00052886,-4.4483e-09,0,2.4242e-05,1,0.046,0.046,0.5,0
3,0.00052897,-3.3506e-09,0,2.477e-05,1,0.047,0.047,0.5,0
3,0.00052908,-2.2529e-09,0,2.5299e-05,1,0.048,0.048,0.5,0
3,0.0005292,-1.1551e-09,0,2.5828e-05,1,0.049,0.049,0.5,0
3,0.00052931,-5.744e-11,0,2.6356e-05,1,0.05,0.05,0.5,0
3,0.00052944,7.972e-10,0,2.6886e-05,1,0.051,0.051,0.5,0
3,0.00052958,1.6518e-09,0,2.7416e-05,1,0.052,0.052,0.5,0
3,0.00052971,2.5065e-09,0,2.7946e-05,1,0.053,0.053,0.5,0
3,0.00052984,3.3611e-09,0,2.8476e-05,1,0.054,0.054,0.5,0
3,0.00052997,4.2158e-09,0,2.9006e-05,1,0.055,0.055,0.5,0
3,0.00053011,5.0704e-09,0,2.9536e-05,1,0.056,0.056,0.5,0
3,0.00053024,5.925e-09,0,3.0066e-05,1,0.057,0.057,0.5,0
3,0.00053037,6.7797e-09,0,3.0596e-05,1,0.058,0.058,0.5,0
3,0.00053051,7.6343e-09,0,3.1126e-05,1,0.059,0.059,0.5,0
3,0.00053064,8.4889e-09,0,3.1656e-05,1,0.06,0.06,0.5,0
3,0.00053079,9.0134e-09,0,3.2187e-05,1,0.061,0.061,0.5,0
3,0.00053093,9.5379e-09,0,3.2718e-05,1,0.062,0.062,0.5,0
3,0.00053108,1.0062e-08,0,3.325e-05,1,0.063,0.063,0.5,0
3,0.00053123,1.0587e-08,0,3.3781e-05,1,0.064,0.064,0.5,0
3,0.00053138,1.1111e-08,0,3.4313e-05,1,0.065,0.065,0.5,0
3,0.00053153,1.1636e-08,0,3.4844e-05,1,0.066,0.066,0.5,0
3,0.00053168,1.216e-08,0,3.5375e-05,1,0.067,0.067,0.5,0
3,0.00053182,1.2685e-08,0,3.5907e-05,1,0.068,0.068,0.5,0
3,0.00053197,1.3209e-08,0,3.6438e-05,1,0.069,0.069,0.5,0
3,0.00053212,1.3734e-08,0,3.6969e-05,1,0.07,0.07,0.5,0
3,0.00053228,1.4052e-08,0,3.7502e-05,1,0.071,0.071,0.5,0
3,0.00053244,1.437e-08,0,3.8035e-05,1,0.072,0.072,0.5,0
3,0.0005326,1.4688e-08,0,3.8568e-05,1,0.073,0.073,0.5,0
3,0.00053276,1.5006e-08,0,3.9101e-05,1,0.074,0.074,0.5,0
3,0.00053291,1.5324e-08,0,3.9634e-05,1,0.075,0.075,0.5,0
3,0.00053307,1.5643e-08,0,4.0167e-05,1,0.076,0.076,0.5,0
3,0.00053323,1.5961e-08,0,4.07e-05,1,0.077,0.077,0.5,0
3,0.00053339,1.6279e-08,0,4.1232e-05,1,0.078,0.078,0.5,0
3,0.00053355,1.6597e-08,0,4.1765e-05,1,0.079,0.079,0.5,0
3,0.00053371,1.6915e-08,0,4.2298e-05,1,0.08,0.08,0.5,0
3,0.00053387,1.7134e-08,0,4.2833e-05,1,0.081,0.081,0.5,0
3,0.00053404,1.7352e-08,0,4.3367e-05,1,0.082,0.082,0.5,0
3,0.0005342,1.757e-08,0,4.3902e-05,1,0.083,0.083,0.5,0
3,0.00053437,1.7788e-08,0,4.4436e-05,1,0.084,0.084,0.5,0
3,0.00053453,1.8006e-08,0,4.4971e-05,1,0.085,0.085,0.5,0
3,0.0005347,1.8224e-08,0,4.5505e-05,1,0.086,0.086,0.5,0
3,0.00053486,1.8442e-08,0,4.604e-05,1,0.087,0.087,0.5,0
3,0.00053503,1.8661e-08,0,4.6574e-05,1,0.088,0.088,0.5,0
3,0.00053519,1.8879e-08,0,4.7109e-05,1,0.089,0.089,0.5,0
3,0.00053535,1.9097e-08,0,4.7643e-05,1,0.09,0.09,0.5,0
3,0.00053552,1.9267e-08,0,4.818e-05,1,0.091,0.091,0.5,0
3,0.00053568,1.9437e-08,0,4.8716e-05,1,0.092,0.092,0.5,0
3,0.00053585,1.9607e-08,0,4.9252e-05,1,0.093,0.093,0.5,0
3,0.00053602,1.9776e-08,0,4.9788e-05,1,0.094,0.094,0.5,0
3,0.00053618,1.9946e-08,0,5.0324e-05,1,0.095,0.095,0.5,0
3,0.00053635,2.0116e-08,0,5.0861e-05,1,0.096,0.096,0.5,0
3,0.00053651,2.0286e-08,0,5.1397e-05,1,0.097,0.097,0.5,0
3,0.00053668,2.0456e-08,0,5.1933e-05,1,0.098,0.098,0.5,0
3,0.00053684,2.0626e-08,0,5.2469e-05,1,0.099,0.099,0.5,0
3,0.00053701,2.0796e-08,0,5.3005e-05,1,0.1,0.1,0.5,0
3,0.00053717,2.094e-08,0,5.3543e-05,1,0.101,0.101,0.5,0
3,0.00053733,2.1085e-08,0,5.4081e-05,1,0.102,0.102,0.5,0
3,0.00053749,2.1229e-08,0,5.4619e-05,1,0.103,0.103,0.5,0
3,0.00053764,2.1373e-08,0,5.5157e-05,1,0.104,0.104,0.5,0
3,0.0005378,2.1518e-08,0,5.5694e-05,1,0.105,0.105,0.5,0
3,0.00053796,2.1662e-08,0,5.6232e-05,1,0.106,0.106,0.5,0
3,0.00053812,2.1807e-08,0,5.677e-05,1,0.107,0.107,0.5,0
3,0.00053828,2.1951e-08,0,5.7308e-05,1,0.108,0.108,0.5,0
3,0.00053844,2.2095e-08,0,5.7846e-05,1,0.109,0.109,0.5,0
3,0.0005386,2.224e-08,0,5.8384e-05,1,0.11,0.11,0.5,0
3,0.00053875,2.237e-08,0,5.8923e-05,1,0.111,0.111,0.5,0
3,0.0005389,2.25e-08,0,5.9462e-05,1,0.112,0.112,0.5,0
3,0.00053905,2.263e-08,0,6.0002e-05,1,0.113,0.113,0.5,0
3,0.0005392,2.276e-08,0,6.0541e-05,1,0.114,0.114,0.5,0
3,0.00053934,2.289e-08,0,6.108e-05,1,0.115,0.115,0.5,0
3,0.00053949,2.302e-08,0,6.162e-05,1,0.116,0.116,0.5,0
3,0.00053964,2.315e-08,0,6.2159e-05,1,0.117,0.117,0.5,0
3,0.00053979,2.328e-08,0,6.2699e-05,1,0.118,0.118,0.5,0
3,0.00053994,2.341e-08,0,6.3238e-05,1,0.119,0.119,0.5,0
3,0.00054008,2.354e-08,0,6.3777e-05,1,0.12,0.12,0.5,0
3,0.00054021,2.3661e-08,0,6.4318e-05,1,0.121,0.121,0.5,0
3,0.00054034,2.3782e-08,0,6.4859e-05,1,0.122,0.122,0.5,0
3,0.00054047,2.3903e-08,0,6.54e-05,1,0.123,0.123,0.5,0
3,0.0005406,2.4024e-08,0,6.5941e-05,1,0.124,0.124,0.5,0
3,0.00054073,2.4144e-08,0,6.6481e-05,1,0.125,0.125,0.5,0
3,0.00054086,2.4265e-08,0,6.7022e-05,1,0.126,0.126,0.5,0
3,0.00054099,2.4386e-08,0,6.7563e-05,1,0.127,0.127,0.5,0
3,0.00054112,2.4507e-08,0,6.8104e-05,1,0.128,0.128,0.5,0
3,0.00054125,2.4628e-08,0,6.8644e-05,1,0.129,0.129,0.5,0
3,0.00054138,2.4748e-08,0,6.9185e-05,1,0.13,0.13,0.5,0
3,0.00054149,2.4861e-08,0,6.9727e-05,1,0.131,0.131,0.5,0
3,0.00054159,2.4973e-08,0,7.0269e-05,1,0.132,0.132,0.5,0
3,0.0005417,2.5085e-08,0,7.0811e-05,1,0.133,0.133,0.5,0
3,0.0005418,2.5197e-08,0,7.1353e-05,1,0.134,0.134,0.5,0
3,0.00054191,2.531e-08,0,7.1895e-05,1,0.135,0.135,0.5,0
3,0.00054201,2.5422e-08,0,7.2437e-05,1,0.136,0.136,0.5,0
3,0.00054212,2.5534e-08,0,7.2979e-05,1,0.137,0.137,0.5,0
3,0.00054222,2.5646e-08,0,7.3521e-05,1,0.138,0.138,0.5,0
3,0.00054233,2.5758e-08,0,7.4063e-05,1,0.139,0.139,0.5,0
3,0.00054243,2.5871e-08,0,7.4605e-05,1,0.14,0.14,0.5,0
3,0.0005425,2.5973e-08,0,7.5148e-05,1,0.141,0.141,0.5,0
3,0.00054257,2.6075e-08,0,7.5691e-05,1,0.142,0.142,0.5,0
3,0.00054265,2.6177e-08,0,7.6234e-05,1,0.143,0.143,0.5,0
3,0.00054272,2.6279e-08,0,7.6777e-05,1,0.144,0.144,0.5,0
3,0.00054279,2.6382e-08,0,7.7319e-05,1,0.145,0.145,0.5,0
3,0.00054286,2.6484e-08,0,7.7862e-05,1,0.146,0.146,0.5,0
3,0.00054294,2.6586e-08,0,7.8405e-05,1,0.147,0.147,0.5,0
3,0.00054301,2.6688e-08,0,7.8948e-05,1,0.148,0.148,0.5,0
3,0.00054308,2.679e-08,0,7.9491e-05,1,0.149,0.149,0.5,0
3,0.00054315,2.6893e-08,0,8.0034e-05,1,0.15,0.15,0.5,0
3,0.00054318,2.6983e-08,0,8.0577e-05,1,0.151,0.151,0.5,0
3,0.00054322,2.7073e-08,0,8.1121e-05,1,0.152,0.152,0.5,0
3,0.00054325,2.7163e-08,0,8.1664e-05,1,0.153,0.153,0.5,0
3,0.00054328,2.7253e-08,0,8.2208e-05,1,0.154,0.154,0.5,0
3,0.00054331,2.7343e-08,0,8.2751e-05,1,0.155,0.155,0.5,0
3,0.00054335,2.7433e-08,0,8.3294e-05,1,0.156,0.156,0.5,0
3,0.00054338,2.7524e-08,0,8.3838e-05,1,0.157,0.157,0.5,0
3,0.00054341,2.7614e-08,0,8.4381e-05,1,0.158,0.158,0.5,0
3,0.00054344,2.7704e-08,0,8.4925e-05,1,0.159,0.159,0.5,0
3,0.00054348,2.7794e-08,0,8.5468e-05,1,0.16,0.16,0.5,0
3,0.00054346,2.787e-08,0,8.6012e-05,1,0.161,0.161,0.5,0
3,0.00054345,2.7947e-08,0,8.6555e-05,1,0.162,0.162,0.5,0
3,0.00054343,2.8023e-08,0,8.7099e-05,1,0.163,0.163,0.5,0
3,0.00054342,2.81e-08,0,8.7642e-05,1,0.164,0.164,0.5,0
3,0.0005434,2.8176e-08,0,8.8186e-05,1,0.165,0.165,0.5,0
3,0.00054339,2.8253e-08,0,8.8729e-05,1,0.166,0.166,0.5,0
3,0.00054337,2.8329e-08,0,8.9273e-05,1,0.167,0.167,0.5,0
3,0.00054336,2.8406e-08,0,8.9816e-05,1,0.168,0.168,0.5,0
3,0.00054334,2.8482e-08,0,9.036e-05,1,0.169,0.169,0.5,0
3,0.00054333,2.8559e-08,0,9.0903e-05,1,0.17,0.17,0.5,0
3,0.00054326,2.862e-08,0,9.1447e-05,1,0.171,0.171,0.5,0
3,0.00054319,2.8682e-08,0,9.199e-05,1,0.172,0.172,0.5,0
3,0.00054312,2.8744e-08,0,9.2533e-05,1,0.173,0.173,0.5,0
3,0.00054305,2.8805e-08,0,9.3076e-05,1,0.174,0.174,0.5,0
3,0.00054298,2.8867e-08,0,9.3619e-05,1,0.175,0.175,0.5,0
3,0.00054291,2.8928e-08,0,9.4162e-05,1,0.176,0.176,0.5,0
3,0.00054284,2.899e-08,0,9.4705e-05,1,0.177,0.177,0.5,0
3,0.00054277,2.9052e-08,0,9.5248e-05,1,0.178,0.178,0.5,0
3,0.0005427,2.9113e-08,0,9.5792e-05,1,0.179,0.179,0.5,0
3,0.00054263,2.9175e-08,0,9.6335e-05,1,0.18,0.18,0.5,0
3,0.0005425,2.922e-08,0,9.6877e-05,1,0.181,0.181,0.5,0
3,0.00054237,2.9266e-08,0,9.7419e-05,1,0.182,0.182,0.5,0
3,0.00054224,2.9311e-08,0,9.7961e-05,1,0.183,0.183,0.5,0
3,0.00054211,2.9356e-08,0,9.8503e-05,1,0.184,0.184,0.5,0
3,0.00054198,2.9402e-08,0,9.9045e-05,1,0.185,0.185,0.5,0
3,0.00054184,2.9447e-08,0,9.9587e-05,1,0.186,0.186,0.5,0
3,0.00054171,2.9493e-08,0,0.00010013,1,0.187,0.187,0.5,0
3,0.00054158,2.9538e-08,0,0.00010067,1,0.188,0.188,0.5,0
3,0.00054145,2.9583e-08,0,0.00010121,1,0.189,0.189,0.5,0
3,0.00054132,2.9629e-08,0,0.00010176,1,0.19,0.19,0.5,0
3,0.00054112,2.9656e-08,0,0.0001023,1,0.191,0.191,0.5,0
3,0.00054091,2.9683e-08,0,0.00010284,1,0.192,0.192,0.5,0
3,0.00054071,2.971e-08,0,0.00010338,1,0.193,0.193,0.5,0
3,0.00054051,2.9737e-08,0,0.00010392,1,0.194,0.194,0.5,0
3,0.00054031,2.9765e-08,0,0.00010446,1,0.195,0.195,0.5,0
3,0.00054011,2.9792e-08,0,0.000105,1,0.196,0.196,0.5,0
3,0.00053991,2.9819e-08,0,0.00010554,1,0.197,0.197,0.5,0
3,0.00053971,2.9846e-08,0,0.00010608,1,0.198,0.198,0.5,0
3,0.00053951,2.9873e-08,0,0.00010662,1,0.199,0.199,0.5,0
3,0.0005393,2.99e-08,0,0.00010716,1,0.2,0.2,0.5,0
3,0.00053903,2.9906e-08,0,0.0001077,1,0.201,0.201,0.5,0
3,0.00053875,2.9911e-08,0,0.00010824,1,0.202,0.202,0.5,0
3,0.00053847,2.9916e-08,0,0.00010878,1,0.203,0.203,0.5,0
3,0.00053819,2.9921e-08,0,0.00010931,1,0.204,0.204,0.5,0
3,0.00053791,2.9927e-08,0,0.00010985,1,0.205,0.205,0.5,0
3,0.00053764,2.9932e-08,0,0.00011039,1,0.206,0.206,0.5,0
3,0.00053736,2.9937e-08,0,0.00011093,1,0.207,0.207,0.5,0
3,0.00053708,2.9942e-08,0,0.00011147,1,0.208,0.208,0.5,0
3,0.0005368,2.9948e-08,0,0.000112,1,0.209,0.209,0.5,0
3,0.00053652,2.9953e-08,0,0.00011254,1,0.21,0.21,0.5,0
3,0.00053616,2.993e-08,0,0.00011308,1,0.211,0.211,0.5,0
3,0.0005358,2.9907e-08,0,0.00011361,1,0.212,0.212,0.5,0
3,0.00053544,2.9883e-08,0,0.00011415,1,0.213,0.213,0.5,0
3,0.00053508,2.986e-08,0,0.00011468,1,0.214,0.214,0.5,0
3,0.00053472,2.9837e-08,0,0.00011522,1,0.215,0.215,0.5,0
3,0.00053435,2.9814e-08,0,0.00011575,1,0.216,0.216,0.5,0
3,0.00053399,2.9791e-08,0,0.00011629,1,0.217,0.217,0.5,0
3,0.00053363,2.9767e-08,0,0.00011682,1,0.218,0.218,0.5,0
3,0.00053327,2.9744e-08,0,0.00011736,1,0.219,0.219,0.5,0
3,0.00053291,2.9721e-08,0,0.00011789,1,0.22,0.22,0.5,0
3,0.00053245,2.9658e-08,0,0.00011842,1,0.221,0.221,0.5,0
3,0.000532,2.9596e-08,0,0.00011895,1,0.222,0.222,0.5,0
3,0.00053155,2.9533e-08,0,0.00011948,1,0.223,0.223,0.5,0
3,0.0005311,2.947e-08,0,0.00012001,1,0.224,0.224,0.5,0
3,0.00053065,2.9408e-08,0,0.00012055,1,0.225,0.225,0.5,0
3,0.0005302,2.9345e-08,0,0.00012108,1,0.226,0.226,0.5,0
3,0.00052974,2.9282e-08,0,0.00012161,1,0.227,0.227,0.5,0
3,0.00052929,2.9219e-08,0,0.00012214,1,0.228,0.228,0.5,0
3,0.00052884,2.9157e-08,0,0.00012267,1,0.229,0.229,0.5,0
3,0.00052839,2.9094e-08,0,0.0001232,1,0.23,0.23,0.5,0
3,0.00052784,2.8974e-08,0,0.00012373,1,0.231,0.231,0.5,0
3,0.00052729,2.8855e-08,0,0.00012425,1,0.232,0.232,0.5,0
3,0.00052674,2.8735e-08,0,0.00012478,1,0.233,0.233,0.5,0
3,0.00052619,2.8615e-08,0,0.0001253,1,0.234,0.234,0.5,0
3,0.00052565,2.8495e-08,0,0.00012583,1,0.235,0.235,0.5,0
3,0.0005251,2.8376e-08,0,0.00012636,1,0.236,0.236,0.5,0
3,0.00052455,2.8256e-08,0,0.00012688,1,0.237,0.237,0.5,0
3,0.000524,2.8136e-08,0,0.00012741,1,0.238,0.238,0.5,0
3,0.00052345,2.8017e-08,0,0.00012793,1,0.239,0.239,0.5,0
3,0.0005229,2.7897e-08,0,0.00012846,1,0.24,0.24,0.5,0
3,0.00052225,2.7694e-08,0,0.00012898,1,0.241,0.241,0.5,0
3,0.0005216,2.7492e-08,0,0.0001295,1,0.242,0.242,0.5,0
3,0.00052095,2.7289e-08,0,0.00013002,1,0.243,0.243,0.5,0
3,0.0005203,2.7087e-08,0,0.00013054,1,0.244,0.244,0.5,0
3,0.00051965,2.6884e-08,0,0.00013106,1,0.245,0.245,0.5,0
3,0.000519,2.6682e-08,0,0.00013158,1,0.246,0.246,0.5,0
3,0.00051835,2.6479e-08,0,0.0001321,1,0.247,0.247,0.5,0
3,0.0005177,2.6277e-08,0,0.00013262,1,0.248,0.248,0.5,0
3,0.00051705,2.6074e-08,0,0.00013314,1,0.249,0.249,0.5,0
3,0.0005164,2.5872e-08,0,0.00013366,1,0.25,0.25,0.5,0
3,0.00051564,2.5552e-08,0,0.00013417,1,0.251,0.251,0.5,0
3,0.00051488,2.5232e-08,0,0.00013468,1,0.252,0.252,0.5,0
3,0.00051413,2.4913e-08,0,0.0001352,1,0.253,0.253,0.5,0
3,0.00051337,2.4593e-08,0,0.00013571,1,0.254,0.254,0.5,0
3,0.00051261,2.4273e-08,0,0.00013622,1,0.255,0.255,0.5,0
3,0.00051185,2.3953e-08,0,0.00013674,1,0.256,0.256,0.5,0
3,0.0005111,2.3634e-08,0,0.00013725,1,0.257,0.257,0.5,0
3,0.00051034,2.3314e-08,0,0.00013776,1,0.258,0.258,0.5,0
3,0.00050958,2.2994e-08,0,0.00013827,1,0.259,0.259,0.5,0
3,0.00050882,2.2674e-08,0,0.00013879,1,0.26,0.26,0.5,0
3,0.00050795,2.2198e-08,0,0.00013929,1,0.261,0.261,0.5,0
3,0.00050708,2.1721e-08,0,0.0001398,1,0.262,0.262,0.5,0
3,0.00050621,2.1244e-08,0,0.0001403,1,0.263,0.263,0.5,0
3,0.00050534,2.0767e-08,0,0.00014081,1,0.264,0.264,0.5,0
3,0.00050448,2.0291e-08,0,0.00014131,1,0.265,0.265,0.5,0
3,0.00050361,1.9814e-08,0,0.00014182,1,0.266,0.266,0.5,0
3,0.00050274,1.9337e-08,0,0.00014232,1,0.267,0.267,0.5,0
3,0.00050187,1.886e-08,0,0.00014283,1,0.268,0.268,0.5,0
3,0.000501,1.8383e-08,0,0.00014333,1,0.269,0.269,0.5,0
3,0.00050013,1.7907e-08,0,0.00014383,1,0.27,0.27,0.5,0
3,0.00049914,1.7238e-08,0,0.00014433,1,0.271,0.271,0.5,0
3,0.00049816,1.6568e-08,0,0.00014483,1,0.272,0.272,0.5,0
3,0.00049717,1.5899e-08,0,0.00014532,1,0.273,0.273,0.5,0
3,0.00049619,1.523e-08,0,0.00014582,1,0.274,0.274,0.5,0
3,0.0004952,1.4561e-08,0,0.00014631,1,0.275,0.275,0.5,0
3,0.00049422,1.3892e-08,0,0.00014681,1,0.276,0.276,0.5,0
3,0.00049323,1.3223e-08,0,0.0001473,1,0.277,0.277,0.5,0
3,0.00049225,1.2554e-08,0,0.0001478,1,0.278,0.278,0.5,0
3,0.00049126,1.1885e-08,0,0.00014829,1,0.279,0.279,0.5,0
3,0.00049028,1.1216e-08,0,0.00014879,1,0.28,0.28,0.5,0
3,0.00048917,1.0342e-08,0,0.00014927,1,0.281,0.281,0.5,0
3,0.00048807,9.4691e-09,0,0.00014976,1,0.282,0.282,0.5,0
3,0.00048697,8.596e-09,0,0.00015024,1,0.283,0.283,0.5,0
3,0.00048586,7.7227e-09,0,0.00015073,1,0.284,0.284,0.5,0
3,0.00048476,6.8496e-09,0,0.00015122,1,0.285,0.285,0.5,0
3,0.00048365,5.9763e-09,0,0.0001517,1,0.286,0.286,0.5,0
3,0.00048255,5.1032e-09,0,0.00015219,1,0.287,0.287,0.5,0
3,0.00048145,4.23e-09,0,0.00015267,1,0.288,0.288,0.5,0
3,0.00048034,3.3568e-09,0,0.00015316,1,0.289,0.289,0.5,0
3,0.00047924,2.4836e-09,0,0.00015364,1,0.29,0.29,0.5,0
3,0.00047801,1.4466e-09,0,0.00015411,1,0.291,0.291,0.5,0
3,0.00047679,4.0975e-10,0,0.00015459,1,0.292,0.292,0.5,0
3,0.00047556,-6.2718e-10,0,0.00015506,1,0.293,0.293,0.5,0
3,0.00047434,-1.6641e-09,0,0.00015553,1,0.294,0.294,0.5,0
3,0.00047311,-2.701e-09,0,0.00015601,1,0.295,0.295,0.5,0
3,0.00047189,-3.7379e-09,0,0.00015648,1,0.296,0.296,0.5,0
3,0.00047066,-4.7748e-09,0,0.00015695,1,0.297,0.297,0.5,0
3,0.00046944,-5.8117e-09,0,0.00015743,1,0.298,0.298,0.5,0
3,0.00046821,-6.8486e-09,0,0.0001579,1,0.299,0.299,0.5,0
3,0.00046699,-7.8856e-09,0,0.00015837,1,0.3,0.3,0.5,0
3,0.00046564,-8.9629e-09,0,0.00015884,1,0.301,0.301,0.5,0
3,0.00046429,-1.004e-08,0,0.0001593,1,0.302,0.302,0.5,0
3,0.00046295,-1.1118e-08,0,0.00015976,1,0.303,0.303,0.5,0
3,0.0004616,-1.2195e-08,0,0.00016022,1,0.304,0.304,0.5,0
3,0.00046025,-1.3272e-08,0,0.00016068,1,0.305,0.305,0.5,0
3,0.0004589,-1.435e-08,0,0.00016114,1,0.306,0.306,0.5,0
3,0.00045756,-1.5427e-08,0,0.0001616,1,0.307,0.307,0.5,0
3,0.00045621,-1.6505e-08,0,0.00016206,1,0.308,0.308,0.5,0
3,0.00045486,-1.7582e-08,0,0.00016252,1,0.309,0.309,0.5,0
3,0.00045351,-1.8659e-08,0,0.00016298,1,0.31,0.31,0.5,0
3,0.00045204,-1.9556e-08,0,0.00016343,1,0.311,0.311,0.5,0
3,0.00045057,-2.0453e-08,0,0.00016387,1,0.312,0.312,0.5,0
3,0.0004491,-2.135e-08,0,0.00016432,1,0.313,0.313,0.5,0
3,0.00044763,-2.2246e-08,0,0.00016477,1,0.314,0.314,0.5,0
3,0.00044616,-2.3143e-08,0,0.00016521,1,0.315,0.315,0.5,0
3,0.00044469,-2.404e-08,0,0.00016566,1,0.316,0.316,0.5,0
3,0.00044322,-2.4936e-08,0,0.00016611,1,0.317,0.317,0.5,0
3,0.00044174,-2.5833e-08,0,0.00016655,1,0.318,0.318,0.5,0
3,0.00044027,-2.673e-08,0,0.000167,1,0.319,0.319,0.5,0
3,0.0004388,-2.7627e-08,0,0.00016744,1,0.32,0.32,0.5,0
3,0.00043721,-2.8054e-08,0,0.00016788,1,0.321,0.321,0.5,0
3,0.00043561,-2.8481e-08,0,0.00016831,1,0.322,0.322,0.5,0
3,0.00043402,-2.8909e-08,0,0.00016874,1,0.323,0.323,0.5,0
3,0.00043242,-2.9336e-08,0,0.00016917,1,0.324,0.324,0.5,0
3,0.00043083,-2.9763e-08,0,0.0001696,1,0.325,0.325,0.5,0
3,0.00042923,-3.0191e-08,0,0.00017003,1,0.326,0.326,0.5,0
3,0.00042764,-3.0618e-08,0,0.00017046,1,0.327,0.327,0.5,0
3,0.00042604,-3.1046e-08,0,0.00017089,1,0.328,0.328,0.5,0
3,0.00042445,-3.1473e-08,0,0.00017133,1,0.329,0.329,0.5,0
3,0.00042286,-3.19e-08,0,0.00017176,1,0.33,0.33,0.5,0
3,0.00042114,-3.1606e-08,0,0.00017217,1,0.331,0.331,0.5,0
3,0.00041942,-3.1312e-08,0,0.00017259,1,0.332,0.332,0.5,0
3,0.0004177,-3.1018e-08,0,0.000173,1,0.333,0.333,0.5,0
3,0.00041598,-3.0723e-08,0,0.00017341,1,0.334,0.334,0.5,0
3,0.00041427,-3.0429e-08,0,0.00017383,1,0.335,0.335,0.5,0
3,0.00041255,-3.0135e-08,0,0.00017424,1,0.336,0.336,0.5,0
3,0.00041083,-2.984e-08,0,0.00017466,1,0.337,0.337,0.5,0
3,0.00040911,-2.9546e-08,0,0.00017507,1,0.338,0.338,0.5,0
3,0.00040739,-2.9252e-08,0,0.00017549,1,0.339,0.339,0.5,0
3,0.00040568,-2.8958e-08,0,0.0001759,1,0.34,0.34,0.5,0
3,0.00040384,-2.7902e-08,0,0.0001763,1,0.341,0.341,0.5,0
3,0.000402,-2.6845e-08,0,0.0001767,1,0.342,0.342,0.5,0
3,0.00040016,-2.5789e-08,0,0.00017709,1,0.343,0.343,0.5,0
3,0.00039832,-2.4733e-08,0,0.00017749,1,0.344,0.344,0.5,0
3,0.00039648,-2.3677e-08,0,0.00017789,1,0.345,0.345,0.5,0
3,0.00039464,-2.2621e-08,0,0.00017828,1,0.346,0.346,0.5,0
3,0.0003928,-2.1565e-08,0,0.00017868,1,0.347,0.347,0.5,0
3,0.00039096,-2.0509e-08,0,0.00017908,1,0.348,0.348,0.5,0
3,0.00038912,-1.9453e-08,0,0.00017947,1,0.349,0.349,0.5,0
3,0.00038728,-1.8397e-08,0,0.00017987,1,0.35,0.35,0.5,0
3,0.00038532,-1.6922e-08,0,0.00018025,1,0.351,0.351,0.5,0
3,0.00038336,-1.5447e-08,0,0.00018063,1,0.352,0.352,0.5,0
3,0.0003814,-1.3973e-08,0,0.000181,1,0.353,0.353,0.5,0
3,0.00037944,-1.2498e-08,0,0.00018138,1,0.354,0.354,0.5,0
3,0.00037748,-1.1023e-08,0,0.00018176,1,0.355,0.355,0.5,0
3,0.00037552,-9.5483e-09,0,0.00018214,1,0.356,0.356,0.5,0
3,0.00037356,-8.0736e-09,0,0.00018251,1,0.357,0.357,0.5,0
3,0.0003716,-6.5989e-09,0,0.00018289,1,0.358,0.358,0.5,0
3,0.00036964,-5.1242e-09,0,0.00018327,1,0.359,0.359,0.5,0
3,0.00036768,-3.6494e-09,0,0.00018365,1,0.36,0.36,0.5,0
3,0.00036561,-2.4834e-09,0,0.00018401,1,0.361,0.361,0.5,0
3,0.00036353,-1.3174e-09,0,0.00018436,1,0.362,0.362,0.5,0
3,0.00036145,-1.5134e-10,0,0.00018472,1,0.363,0.363,0.5,0
3,0.00035938,1.0147e-09,0,0.00018508,1,0.364,0.364,0.5,0
3,0.0003573,2.1807e-09,0,0.00018544,1,0.365,0.365,0.5,0
3,0.00035522,3.3468e-09,0,0.00018579,1,0.366,0.366,0.5,0
3,0.00035315,4.5128e-09,0,0.00018615,1,0.367,0.367,0.5,0
3,0.00035107,5.6788e-09,0,0.00018651,1,0.368,0.368,0.5,0
3,0.00034899,6.8448e-09,0,0.00018687,1,0.369,0.369,0.5,0
3,0.00034692,8.0109e-09,0,0.00018722,1,0.37,0.37,0.5,0
3,0.00034473,8.1054e-09,0,0.00018756,1,0.371,0.371,0.5,0
3,0.00034254,8.1999e-09,0,0.0001879,1,0.372,0.372,0.5,0
3,0.00034035,8.2944e-09,0,0.00018823,1,0.373,0.373,0.5,0
3,0.00033816,8.389e-09,0,0.00018857,1,0.374,0.374,0.5,0
3,0.00033597,8.4835e-09,0,0.0001889,1,0.375,0.375,0.5,0
3,0.00033378,8.578e-09,0,0.00018924,1,0.376,0.376,0.5,0
3,0.00033159,8.6725e-09,0,0.00018958,1,0.377,0.377,0.5,0
3,0.0003294,8.767e-09,0,0.00018991,1,0.378,0.378,0.5,0
3,0.00032721,8.8615e-09,0,0.00019025,1,0.379,0.379,0.5,0
3,0.00032502,8.956e-09,0,0.00019059,1,0.38,0.38,0.5,0
3,0.00032272,7.8441e-09,0,0.0001909,1,0.381,0.381,0.5,0
3,0.00032043,6.7322e-09,0,0.00019121,1,0.382,0.382,0.5,0
3,0.00031813,5.6202e-09,0,0.00019153,1,0.383,0.383,0.5,0
3,0.00031583,4.5083e-09,0,0.00019184,1,0.384,0.384,0.5,0
3,0.00031353,3.3963e-09,0,0.00019215,1,0.385,0.385,0.5,0
3,0.00031124,2.2844e-09,0,0.00019247,1,0.386,0.386,0.5,0
3,0.00030894,1.1724e-09,0,0.00019278,1,0.387,0.387,0.5,0
3,0.00030664,6.046e-11,0,0.0001931,1,0.388,0.388,0.5,0
3,0.00030434,-1.0515e-09,0,0.00019341,1,0.389,0.389,0.5,0
3,0.00030205,-2.1634e-09,0,0.00019372,1,0.39,0.39,0.5,0
3,0.00029965,-3.519e-09,0,0.00019401,1,0.391,0.391,0.5,0
3,0.00029725,-4.8746e-09,0,0.0001943,1,0.392,0.392,0.5,0
3,0.00029485,-6.2302e-09,0,0.00019459,1,0.393,0.393,0.5,0
3,0.00029245,-7.5858e-09,0,0.00019489,1,0.394,0.394,0.5,0
3,0.00029005,-8.9414e-09,0,0.00019518,1,0.395,0.395,0.5,0
3,0.00028765,-1.0297e-08,0,0.00019547,1,0.396,0.396,0.5,0
3,0.00028525,-1.1653e-08,0,0.00019576,1,0.397,0.397,0.5,0
3,0.00028285,-1.3008e-08,0,0.00019605,1,0.398,0.398,0.5,0
3,0.00028045,-1.4364e-08,0,0.00019634,1,0.399,0.399,0.5,0
3,0.00027805,-1.5719e-08,0,0.00019663,1,0.4,0.4,0.5,0
3,0.00027556,-1.5838e-08,0,0.00019689,1,0.401,0.401,0.5,0
3,0.00027307,-1.5957e-08,0,0.00019716,1,0.402,0.402,0.5,0
3,0.00027057,-1.6077e-08,0,0.00019742,1,0.403,0.403,0.5,0
3,0.00026808,-1.6196e-08,0,0.00019769,1,0.404,0.404,0.5,0
3,0.00026558,-1.6315e-08,0,0.00019796,1,0.405,0.405,0.5,0
3,0.00026309,-1.6434e-08,0,0.00019822,1,0.406,0.406,0.5,0
3,0.0002606,-1.6553e-08,0,0.00019849,1,0.407,0.407,0.5,0
3,0.0002581,-1.6672e-08,0,0.00019875,1,0.408,0.408,0.5,0
3,0.00025561,-1.6791e-08,0,0.00019902,1,0.409,0.409,0.5,0
3,0.00025312,-1.691e-08,0,0.00019928,1,0.41,0.41,0.5,0
3,0.00025054,-1.5617e-08,0,0.00019953,1,0.411,0.411,0.5,0
3,0.00024796,-1.4325e-08,0,0.00019977,1,0.412,0.412,0.5,0
3,0.00024538,-1.3033e-08,0,0.00020001,1,0.413,0.413,0.5,0
3,0.0002428,-1.174e-08,0,0.00020025,1,0.414,0.414,0.5,0
3,0.00024022,-1.0448e-08,0,0.00020049,1,0.415,0.415,0.5,0
3,0.00023764,-9.1551e-09,0,0.00020073,1,0.416,0.416,0.5,0
3,0.00023506,-7.8626e-09,0,0.00020097,1,0.417,0.417,0.5,0
3,0.00023248,-6.5702e-09,0,0.00020121,1,0.418,0.418,0.5,0
3,0.0002299,-5.2777e-09,0,0.00020145,1,0.419,0.419,0.5,0
3,0.00022732,-3.9853e-09,0,0.00020169,1,0.42,0.42,0.5,0
3,0.00022466,-3.5807e-09,0,0.0002019,1,0.421,0.421,0.5,0
3,0.000222,-3.1762e-09,0,0.00020212,1,0.422,0.422,0.5,0
3,0.00021934,-2.7717e-09,0,0.00020233,1,0.423,0.423,0.5,0
3,0.00021669,-2.3672e-09,0,0.00020255,1,0.424,0.424,0.5,0
3,0.00021403,-1.9627e-09,0,0.00020276,1,0.425,0.425,0.5,0
3,0.00021137,-1.5582e-09,0,0.00020297,1,0.426,0.426,0.5,0
3,0.00020871,-1.1537e-09,0,0.00020319,1,0.427,0.427,0.5,0
3,0.00020605,-7.4919e-10,0,0.0002034,1,0.428,0.428,0.5,0
3,0.0002034,-3.4469e-10,0,0.00020362,1,0.429,0.429,0.5,0
3,0.00020074,5.9827e-11,0,0.00020383,1,0.43,0.43,0.5,0
3,0.00019801,-2.5921e-09,0,0.00020402,1,0.431,0.431,0.5,0
3,0.00019528,-5.2441e-09,0,0.00020421,1,0.432,0.432,0.5,0
3,0.00019255,-7.896e-09,0,0.00020439,1,0.433,0.433,0.5,0
3,0.00018982,-1.0548e-08,0,0.00020458,1,0.434,0.434,0.5,0
3,0.0001871,-1.32e-08,0,0.00020477,1,0.435,0.435,0.5,0
3,0.00018437,-1.5852e-08,0,0.00020495,1,0.436,0.436,0.5,0
3,0.00018164,-1.8504e-08,0,0.00020514,1,0.437,0.437,0.5,0
3,0.00017891,-2.1156e-08,0,0.00020533,1,0.438,0.438,0.5,0
3,0.00017618,-2.3808e-08,0,0.00020552,1,0.439,0.439,0.5,0
3,0.00017345,-2.646e-08,0,0.0002057,1,0.44,0.44,0.5,0
3,0.00017066,-2.9268e-08,0,0.00020586,1,0.441,0.441,0.5,0
3,0.00016786,-3.2076e-08,0,0.00020602,1,0.442,0.442,0.5,0
3,0.00016507,-3.4884e-08,0,0.00020618,1,0.443,0.443,0.5,0
3,0.00016227,-3.7692e-08,0,0.00020634,1,0.444,0.444,0.5,0
3,0.00015948,-4.05e-08,0,0.0002065,1,0.445,0.445,0.5,0
3,0.00015668,-4.3309e-08,0,0.00020666,1,0.446,0.446,0.5,0
3,0.00015389,-4.6117e-08,0,0.00020682,1,0.447,0.447,0.5,0
3,0.0001511,-4.8925e-08,0,0.00020698,1,0.448,0.448,0.5,0
3,0.0001483,-5.1733e-08,0,0.00020714,1,0.449,0.449,0.5,0
3,0.00014551,-5.4541e-08,0,0.0002073,1,0.45,0.45,0.5,0
3,0.00014266,-5.2189e-08,0,0.00020743,1,0.451,0.451,0.5,0
3,0.00013981,-4.9836e-08,0,0.00020756,1,0.452,0.452,0.5,0
3,0.00013696,-4.7483e-08,0,0.00020769,1,0.453,0.453,0.5,0
3,0.00013411,-4.513e-08,0,0.00020783,1,0.454,0.454,0.5,0
3,0.00013126,-4.2777e-08,0,0.00020796,1,0.455,0.455,0.5,0
3,0.00012841,-4.0424e-08,0,0.00020809,1,0.456,0.456,0.5,0
3,0.00012557,-3.8071e-08,0,0.00020822,1,0.457,0.457,0.5,0
3,0.00012272,-3.5718e-08,0,0.00020835,1,0.458,0.458,0.5,0
3,0.00011987,-3.3365e-08,0,0.00020848,1,0.459,0.459,0.5,0
3,0.00011702,-3.1012e-08,0,0.00020861,1,0.46,0.46,0.5,0
3,0.00011413,-2.7789e-08,0,0.00020872,1,0.461,0.461,0.5,0
3,0.00011125,-2.4566e-08,0,0.00020882,1,0.462,0.462,0.5,0
3,0.00010836,-2.1344e-08,0,0.00020892,1,0.463,0.463,0.5,0
3,0.00010547,-1.8121e-08,0,0.00020902,1,0.464,0.464,0.5,0
3,0.00010258,-1.4898e-08,0,0.00020913,1,0.465,0.465,0.5,0
3,9.9697e-05,-1.1675e-08,0,0.00020923,1,0.466,0.466,0.5,0
3,9.681e-05,-8.4523e-09,0,0.00020933,1,0.467,0.467,0.5,0
3,9.3922e-05,-5.2295e-09,0,0.00020944,1,0.468,0.468,0.5,0
3,9.1035e-05,-2.0067e-09,0,0.00020954,1,0.469,0.469,0.5,0
3,8.8148e-05,1.2161e-09,0,0.00020964,1,0.47,0.47,0.5,0
3,8.5231e-05,-2.3707e-09,0,0.00020971,1,0.471,0.471,0.5,0
3,8.2313e-05,-5.9576e-09,0,0.00020979,1,0.472,0.472,0.5,0
3,7.9395e-05,-9.5444e-09,0,0.00020986,1,0.473,0.473,0.5,0
3,7.6478e-05,-1.3131e-08,0,0.00020994,1,0.474,0.474,0.5,0
3,7.356e-05,-1.6718e-08,0,0.00021001,1,0.475,0.475,0.5,0
3,7.0642e-05,-2.0305e-08,0,0.00021008,1,0.476,0.476,0.5,0
3,6.7725e-05,-2.3892e-08,0,0.00021016,1,0.477,0.477,0.5,0
3,6.4807e-05,-2.7479e-08,0,0.00021023,1,0.478,0.478,0.5,0
3,6.189e-05,-3.1066e-08,0,0.0002103,1,0.479,0.479,0.5,0
3,5.8972e-05,-3.4653e-08,0,0.00021038,1,0.48,0.48,0.5,0
3,5.6022e-05,-3.8933e-08,0,0.00021042,1,0.481,0.481,0.5,0
3,5.3073e-05,-4.3214e-08,0,0.00021047,1,0.482,0.482,0.5,0
3,5.0123e-05,-4.7494e-08,0,0.00021051,1,0.483,0.483,0.5,0
3,4.7174e-05,-5.1775e-08,0,0.00021055,1,0.484,0.484,0.5,0
3,4.4224e-05,-5.6055e-08,0,0.0002106,1,0.485,0.485,0.5,0
3,4.1275e-05,-6.0336e-08,0,0.00021064,1,0.486,0.486,0.5,0
3,3.8325e-05,-6.4616e-08,0,0.00021069,1,0.487,0.487,0.5,0
3,3.5375e-05,-6.8897e-08,0,0.00021073,1,0.488,0.488,0.5,0
3,3.2426e-05,-7.3177e-08,0,0.00021078,1,0.489,0.489,0.5,0
3,2.9476e-05,-7.7458e-08,0,0.00021082,1,0.49,0.49,0.5,0
3,2.6529e-05,-6.9568e-08,0,0.00021083,1,0.491,0.491,0.5,0
3,2.3581e-05,-6.1678e-08,0,0.00021085,1,0.492,0.492,0.5,0
3,2.0634e-05,-5.3788e-08,0,0.00021086,1,0.493,0.493,0.5,0
3,1.7686e-05,-4.5898e-08,0,0.00021088,1,0.494,0.494,0.5,0
3,1.4739e-05,-3.8008e-08,0,0.00021089,1,0.495,0.495,0.5,0
3,1.1791e-05,-3.0118e-08,0,0.00021091,1,0.496,0.496,0.5,0
3,8.8438e-06,-2.2228e-08,0,0.00021092,1,0.497,0.497,0.5,0
3,5.8964e-06,-1.4338e-08,0,0.00021094,1,0.498,0.498,0.5,0
3,2.9489e-06,-6.4474e-09,0,0.00021095,1,0.499,0.499,0.5,0
3,1.4425e-09,1.4425e-09,0,0.00021097,1,0.5,0.5,0.5,0
3,-2.9541e-06,1.9408e-09,0,0.00021095,1,0.501,0.501,0.5,0
3,-5.9096e-06,2.4392e-09,0,0.00021094,1,0.502,0.502,0.5,0
3,-8.8653e-06,2.9376e-09,0,0.00021092,1,0.503,0.503,0.5,0
3,-1.1821e-05,3.436e-09,0,0.00021091,1,0.504,0.504,0.5,0
3,-1.4776e-05,3.9344e-09,0,0.00021089,1,0.505,0.505,0.5,0
3,-1.7732e-05,4.4327e-09,0,0.00021088,1,0.506,0.506,0.5,0
3,-2.0688e-05,4.9311e-09,0,0.00021086,1,0.507,0.507,0.5,0
3,-2.3643e-05,5.4295e-09,0,0.00021085,1,0.508,0.508,0.5,0
3,-2.6599e-05,5.9279e-09,0,0.00021083,1,0.509,0.509,0.5,0
3,-2.9554e-05,6.4262e-09,0,0.00021082,1,0.51,0.51,0.5,0
3,-3.25e-05,1.2749e-08,0,0.00021078,1,0.511,0.511,0.5,0
3,-3.5446e-05,1.9072e-08,0,0.00021073,1,0.512,0.512,0.5,0
3,-3.8391e-05,2.5395e-08,0,0.00021069,1,0.513,0.513,0.5,0
3,-4.1337e-05,3.1718e-08,0,0.00021064,1,0.514,0.514,0.5,0
3,-4.4282e-05,3.804e-08,0,0.0002106,1,0.515,0.515,0.5,0
3,-4.7228e-05,4.4363e-08,0,0.00021055,1,0.516,0.516,0.5,0
3,-5.0173e-05,5.0686e-08,0,0.00021051,1,0.517,0.517,0.5,0
3,-5.3119e-05,5.7009e-08,0,0.00021046,1,0.518,0.518,0.5,0
3,-5.6065e-05,6.3332e-08,0,0.00021042,1,0.519,0.519,0.5,0
3,-5.901e-05,6.9655e-08,0,0.00021038,1,0.52,0.52,0.5,0
3,-6.1918e-05,5.926e-08,0,0.0002103,1,0.521,0.521,0.5,0
3,-6.4825e-05,4.8867e-08,0,0.00021023,1,0.522,0.522,0.5,0
3,-6.7732e-05,3.8473e-08,0,0.00021015,1,0.523,0.523,0.5,0
3,-7.064e-05,2.8079e-08,0,0.00021008,1,0.524,0.524,0.5,0
3,-7.3547e-05,1.7685e-08,0,0.00021001,1,0.525,0.525,0.5,0
3,-7.6454e-05,7.2901e-09,0,0.00020993,1,0.526,0.526,0.5,0
3,-7.9362e-05,-3.1038e-09,0,0.00020986,1,0.527,0.527,0.5,0
3,-8.2269e-05,-1.3498e-08,0,0.00020979,1,0.528,0.528,0.5,0
3,-8.5177e-05,-2.3892e-08,0,0.00020971,1,0.529,0.529,0.5,0
3,-8.8084e-05,-3.4286e-08,0,0.00020964,1,0.53,0.53,0.5,0
3,-9.0977e-05,-3.7513e-08,0,0.00020954,1,0.531,0.531,0.5,0
3,-9.3869e-05,-4.074e-08,0,0.00020943,1,0.532,0.532,0.5,0
3,-9.6762e-05,-4.3967e-08,0,0.00020933,1,0.533,0.533,0.5,0
3,-9.9654e-05,-4.7194e-08,0,0.00020923,1,0.534,0.534,0.5,0
3,-0.00010255,-5.0421e-08,0,0.00020913,1,0.535,0.535,0.5,0
3,-0.00010544,-5.3648e-08,0,0.00020902,1,0.536,0.536,0.5,0
3,-0.00010833,-5.6875e-08,0,0.00020892,1,0.537,0.537,0.5,0
3,-0.00011123,-6.0102e-08,0,0.00020882,1,0.538,0.538,0.5,0
3,-0.00011412,-6.3328e-08,0,0.00020872,1,0.539,0.539,0.5,0
3,-0.00011701,-6.6556e-08,0,0.00020861,1,0.54,0.54,0.5,0
3,-0.00011986,-6.387e-08,0,0.00020848,1,0.541,0.541,0.5,0
3,-0.00012272,-6.1185e-08,0,0.00020835,1,0.542,0.542,0.5,0
3,-0.00012557,-5.8499e-08,0,0.00020822,1,0.543,0.543,0.5,0
3,-0.00012842,-5.5814e-08,0,0.00020809,1,0.544,0.544,0.5,0
3,-0.00013128,-5.3128e-08,0,0.00020796,1,0.545,0.545,0.5,0
3,-0.00013413,-5.0443e-08,0,0.00020783,1,0.546,0.546,0.5,0
3,-0.00013698,-4.7758e-08,0,0.00020769,1,0.547,0.547,0.5,0
3,-0.00013983,-4.5072e-08,0,0.00020756,1,0.548,0.548,0.5,0
3,-0.00014269,-4.2387e-08,0,0.00020743,1,0.549,0.549,0.5,0
3,-0.00014554,-3.9701e-08,0,0.0002073,1,0.55,0.55,0.5,0
3,-0.00014834,-3.662e-08,0,0.00020714,1,0.551,0.551,0.5,0
3,-0.00015113,-3.3538e-08,0,0.00020698,1,0.552,0.552,0.5,0
3,-0.00015392,-3.0457e-08,0,0.00020682,1,0.553,0.553,0.5,0
3,-0.00015672,-2.7375e-08,0,0.00020666,1,0.554,0.554,0.5,0
3,-0.00015951,-2.4294e-08,0,0.0002065,1,0.555,0.555,0.5,0
3,-0.00016231,-2.1212e-08,0,0.00020634,1,0.556,0.556,0.5,0
3,-0.0001651,-1.813e-08,0,0.00020618,1,0.557,0.557,0.5,0
3,-0.0001679,-1.5049e-08,0,0.00020602,1,0.558,0.558,0.5,0
3,-0.00017069,-1.1967e-08,0,0.00020586,1,0.559,0.559,0.5,0
3,-0.00017348,-8.8857e-09,0,0.0002057,1,0.56,0.56,0.5,0
3,-0.00017621,-9.1271e-09,0,0.00020552,1,0.561,0.561,0.5,0
3,-0.00017894,-9.3685e-09,0,0.00020533,1,0.562,0.562,0.5,0
3,-0.00018167,-9.6099e-09,0,0.00020514,1,0.563,0.563,0.5,0
3,-0.00018439,-9.8513e-09,0,0.00020495,1,0.564,0.564,0.5,0
3,-0.00018712,-1.0093e-08,0,0.00020477,1,0.565,0.565,0.5,0
3,-0.00018985,-1.0334e-08,0,0.00020458,1,0.566,0.566,0.5,0
3,-0.00019258,-1.0575e-08,0,0.00020439,1,0.567,0.567,0.5,0
3,-0.00019531,-1.0817e-08,0,0.0002042,1,0.568,0.568,0.5,0
3,-0.00019803,-1.1058e-08,0,0.00020402,1,0.569,0.569,0.5,0
3,-0.00020076,-1.13e-08,0,0.00020383,1,0.57,0.57,0.5,0
3,-0.00020342,-1.2352e-08,0,0.00020362,1,0.571,0.571,0.5,0
3,-0.00020608,-1.3405e-08,0,0.0002034,1,0.572,0.572,0.5,0
3,-0.00020873,-1.4458e-08,0,0.00020319,1,0.573,0.573,0.5,0
3,-0.00021139,-1.5511e-08,0,0.00020297,1,0.574,0.574,0.5,0
3,-0.00021405,-1.6564e-08,0,0.00020276,1,0.575,0.575,0.5,0
3,-0.0002167,-1.7617e-08,0,0.00020254,1,0.576,0.576,0.5,0
3,-0.00021936,-1.867e-08,0,0.00020233,1,0.577,0.577,0.5,0
3,-0.00022202,-1.9723e-08,0,0.00020212,1,0.578,0.578,0.5,0
3,-0.00022468,-2.0775e-08,0,0.0002019,1,0.579,0.579,0.5,0
3,-0.00022733,-2.1828e-08,0,0.00020169,1,0.58,0.58,0.5,0
3,-0.00022991,-2.1393e-08,0,0.00020145,1,0.581,0.581,0.5,0
3,-0.00023249,-2.0958e-08,0,0.00020121,1,0.582,0.582,0.5,0
3,-0.00023507,-2.0522e-08,0,0.00020097,1,0.583,0.583,0.5,0
3,-0.00023765,-2.0087e-08,0,0.00020073,1,0.584,0.584,0.5,0
3,-0.00024023,-1.9652e-08,0,0.00020049,1,0.585,0.585,0.5,0
3,-0.00024281,-1.9216e-08,0,0.00020025,1,0.586,0.586,0.5,0
3,-0.00024539,-1.8781e-08,0,0.0002,1,0.587,0.587,0.5,0
3,-0.00024797,-1.8346e-08,0,0.00019976,1,0.588,0.588,0.5,0
3,-0.00025055,-1.791e-08,0,0.00019952,1,0.589,0.589,0.5,0
3,-0.00025313,-1.7475e-08,0,0.00019928,1,0.59,0.59,0.5,0
3,-0.00025563,-1.6202e-08,0,0.00019902,1,0.591,0.591,0.5,0
3,-0.00025812,-1.4929e-08,0,0.00019875,1,0.592,0.592,0.5,0
3,-0.00026061,-1.3656e-08,0,0.00019849,1,0.593,0.593,0.5,0
3,-0.00026311,-1.2383e-08,0,0.00019822,1,0.594,0.594,0.5,0
3,-0.0002656,-1.111e-08,0,0.00019795,1,0.595,0.595,0.5,0
3,-0.00026809,-9.8365e-09,0,0.00019769,1,0.596,0.596,0.5,0
3,-0.00027059,-8.5634e-09,0,0.00019742,1,0.597,0.597,0.5,0
3,-0.00027308,-7.2903e-09,0,0.00019716,1,0.598,0.598,0.5,0
3,-0.00027557,-6.0173e-09,0,0.00019689,1,0.599,0.599,0.5,0
3,-0.00027807,-4.7441e-09,0,0.00019663,1,0.6,0.6,0.5,0
3,-0.00028047,-4.1049e-09,0,0.00019633,1,0.601,0.601,0.5,0
3,-0.00028286,-3.4657e-09,0,0.00019604,1,0.602,0.602,0.5,0
3,-0.00028526,-2.8266e-09,0,0.00019575,1,0.603,0.603,0.5,0
3,-0.00028766,-2.1874e-09,0,0.00019546,1,0.604,0.604,0.5,0
3,-0.00029006,-1.5481e-09,0,0.00019517,1,0.605,0.605,0.5,0
3,-0.00029246,-9.0896e-10,0,0.00019488,1,0.606,0.606,0.5,0
3,-0.00029486,-2.6978e-10,0,0.00019459,1,0.607,0.607,0.5,0
3,-0.00029725,3.6941e-10,0,0.0001943,1,0.608,0.608,0.5,0
3,-0.00029965,1.0086e-09,0,0.00019401,1,0.609,0.609,0.5,0
3,-0.00030205,1.6478e-09,0,0.00019372,1,0.61,0.61,0.5,0
3,-0.00030435,1.219e-09,0,0.00019341,1,0.611,0.611,0.5,0
3,-0.00030665,7.9011e-10,0,0.00019309,1,0.612,0.612,0.5,0
3,-0.00030894,3.6127e-10,0,0.00019278,1,0.613,0.613,0.5,0
3,-0.00031124,-6.7597e-11,0,0.00019247,1,0.614,0.614,0.5,0
3,-0.00031354,-4.9644e-10,0,0.00019215,1,0.615,0.615,0.5,0
3,-0.00031584,-9.2528e-10,0,0.00019184,1,0.616,0.616,0.5,0
3,-0.00031813,-1.3541e-09,0,0.00019153,1,0.617,0.617,0.5,0
3,-0.00032043,-1.783e-09,0,0.00019121,1,0.618,0.618,0.5,0
3,-0.00032273,-2.2118e-09,0,0.0001909,1,0.619,0.619,0.5,0
3,-0.00032503,-2.6407e-09,0,0.00019058,1,0.62,0.62,0.5,0
3,-0.00032722,-3.5841e-09,0,0.00019025,1,0.621,0.621,0.5,0
3,-0.00032941,-4.5276e-09,0,0.00018991,1,0.622,0.622,0.5,0
3,-0.0003316,-5.4711e-09,0,0.00018958,1,0.623,0.623,0.5,0
3,-0.00033379,-6.4146e-09,0,0.00018924,1,0.624,0.624,0.5,0
3,-0.00033598,-7.358e-09,0,0.0001889,1,0.625,0.625,0.5,0
3,-0.00033817,-8.3015e-09,0,0.00018857,1,0.626,0.626,0.5,0
3,-0.00034036,-9.245e-09,0,0.00018823,1,0.627,0.627,0.5,0
3,-0.00034255,-1.0188e-08,0,0.00018789,1,0.628,0.628,0.5,0
3,-0.00034474,-1.1132e-08,0,0.00018756,1,0.629,0.629,0.5,0
3,-0.00034693,-1.2075e-08,0,0.00018722,1,0.63,0.63,0.5,0
3,-0.00034901,-1.2816e-08,0,0.00018686,1,0.631,0.631,0.5,0
3,-0.00035108,-1.3556e-08,0,0.00018651,1,0.632,0.632,0.5,0
3,-0.00035316,-1.4296e-08,0,0.00018615,1,0.633,0.633,0.5,0
3,-0.00035524,-1.5037e-08,0,0.00018579,1,0.634,0.634,0.5,0
3,-0.00035732,-1.5777e-08,0,0.00018543,1,0.635,0.635,0.5,0
3,-0.0003594,-1.6517e-08,0,0.00018508,1,0.636,0.636,0.5,0
3,-0.00036147,-1.7258e-08,0,0.00018472,1,0.637,0.637,0.5,0
3,-0.00036355,-1.7998e-08,0,0.00018436,1,0.638,0.638,0.5,0
3,-0.00036563,-1.8738e-08,0,0.000184,1,0.639,0.639,0.5,0
3,-0.00036771,-1.9479e-08,0,0.00018365,1,0.64,0.64,0.5,0
3,-0.00036967,-1.9656e-08,0,0.00018327,1,0.641,0.641,0.5,0
3,-0.00037163,-1.9833e-08,0,0.00018289,1,0.642,0.642,0.5,0
3,-0.00037359,-2.001e-08,0,0.00018251,1,0.643,0.643,0.5,0
3,-0.00037555,-2.0188e-08,0,0.00018213,1,0.644,0.644,0.5,0
3,-0.00037751,-2.0365e-08,0,0.00018176,1,0.645,0.645,0.5,0
3,-0.00037947,-2.0542e-08,0,0.00018138,1,0.646,0.646,0.5,0
3,-0.00038143,-2.0719e-08,0,0.000181,1,0.647,0.647,0.5,0
3,-0.00038339,-2.0896e-08,0,0.00018062,1,0.648,0.648,0.5,0
3,-0.00038535,-2.1074e-08,0,0.00018025,1,0.649,0.649,0.5,0
3,-0.00038731,-2.1251e-08,0,0.00017987,1,0.65,0.65,0.5,0
3,-0.00038915,-2.0895e-08,0,0.00017947,1,0.651,0.651,0.5,0
3,-0.00039099,-2.0539e-08,0,0.00017907,1,0.652,0.652,0.5,0
3,-0.00039283,-2.0184e-08,0,0.00017868,1,0.653,0.653,0.5,0
3,-0.00039467,-1.9828e-08,0,0.00017828,1,0.654,0.654,0.5,0
3,-0.00039651,-1.9472e-08,0,0.00017788,1,0.655,0.655,0.5,0
3,-0.00039835,-1.9116e-08,0,0.00017749,1,0.656,0.656,0.5,0
3,-0.00040019,-1.8761e-08,0,0.00017709,1,0.657,0.657,0.5,0
3,-0.00040203,-1.8405e-08,0,0.00017669,1,0.658,0.658,0.5,0
3,-0.00040387,-1.8049e-08,0,0.0001763,1,0.659,0.659,0.5,0
3,-0.00040571,-1.7693e-08,0,0.0001759,1,0.66,0.66,0.5,0
3,-0.00040743,-1.7027e-08,0,0.00017548,1,0.661,0.661,0.5,0
3,-0.00040915,-1.6361e-08,0,0.00017507,1,0.662,0.662,0.5,0
3,-0.00041087,-1.5694e-08,0,0.00017466,1,0.663,0.663,0.5,0
3,-0.00041258,-1.5028e-08,0,0.00017424,1,0.664,0.664,0.5,0
3,-0.0004143,-1.4362e-08,0,0.00017383,1,0.665,0.665,0.5,0
3,-0.00041602,-1.3695e-08,0,0.00017341,1,0.666,0.666,0.5,0
3,-0.00041774,-1.3029e-08,0,0.000173,1,0.667,0.667,0.5,0
3,-0.00041945,-1.2363e-08,0,0.00017258,1,0.668,0.668,0.5,0
3,-0.00042117,-1.1696e-08,0,0.00017217,1,0.669,0.669,0.5,0
3,-0.00042289,-1.103e-08,0,0.00017175,1,0.67,0.67,0.5,0
3,-0.00042448,-1.0283e-08,0,0.00017132,1,0.671,0.671,0.5,0
3,-0.00042608,-9.5353e-09,0,0.00017089,1,0.672,0.672,0.5,0
3,-0.00042767,-8.788e-09,0,0.00017046,1,0.673,0.673,0.5,0
3,-0.00042926,-8.0406e-09,0,0.00017003,1,0.674,0.674,0.5,0
3,-0.00043086,-7.2933e-09,0,0.0001696,1,0.675,0.675,0.5,0
3,-0.00043245,-6.5461e-09,0,0.00016917,1,0.676,0.676,0.5,0
3,-0.00043404,-5.7988e-09,0,0.00016873,1,0.677,0.677,0.5,0
3,-0.00043564,-5.0515e-09,0,0.0001683,1,0.678,0.678,0.5,0
3,-0.00043723,-4.3041e-09,0,0.00016787,1,0.679,0.679,0.5,0
3,-0.00043883,-3.5568e-09,0,0.00016744,1,0.68,0.68,0.5,0
3,-0.0004403,-2.8792e-09,0,0.00016699,1,0.681,0.681,0.5,0
3,-0.00044177,-2.2015e-09,0,0.00016655,1,0.682,0.682,0.5,0
3,-0.00044324,-1.5237e-09,0,0.0001661,1,0.683,0.683,0.5,0
3,-0.00044471,-8.4605e-10,0,0.00016566,1,0.684,0.684,0.5,0
3,-0.00044618,-1.6837e-10,0,0.00016521,1,0.685,0.685,0.5,0
3,-0.00044765,5.0932e-10,0,0.00016476,1,0.686,0.686,0.5,0
3,-0.00044912,1.187e-09,0,0.00016432,1,0.687,0.687,0.5,0
3,-0.00045059,1.8647e-09,0,0.00016387,1,0.688,0.688,0.5,0
3,-0.00045206,2.5424e-09,0,0.00016342,1,0.689,0.689,0.5,0
3,-0.00045353,3.2201e-09,0,0.00016298,1,0.69,0.69,0.5,0
3,-0.00045487,3.7629e-09,0,0.00016252,1,0.691,0.691,0.5,0
3,-0.00045622,4.3056e-09,0,0.00016206,1,0.692,0.692,0.5,0
3,-0.00045757,4.8484e-09,0,0.00016159,1,0.693,0.693,0.5,0
3,-0.00045891,5.3911e-09,0,0.00016113,1,0.694,0.694,0.5,0
3,-0.00046026,5.9338e-09,0,0.00016067,1,0.695,0.695,0.5,0
3,-0.0004616,6.4766e-09,0,0.00016021,1,0.696,0.696,0.5,0
3,-0.00046295,7.0194e-09,0,0.00015975,1,0.697,0.697,0.5,0
3,-0.0004643,7.5621e-09,0,0.00015929,1,0.698,0.698,0.5,0
3,-0.00046564,8.1048e-09,0,0.00015883,1,0.699,0.699,0.5,0
3,-0.00046699,8.6476e-09,0,0.00015837,1,0.7,0.7,0.5,0
3,-0.00046822,9.0471e-09,0,0.0001579,1,0.701,0.701,0.5,0
3,-0.00046944,9.4466e-09,0,0.00015742,1,0.702,0.702,0.5,0
3,-0.00047066,9.8461e-09,0,0.00015695,1,0.703,0.703,0.5,0
3,-0.00047189,1.0246e-08,0,0.00015648,1,0.704,0.704,0.5,0
3,-0.00047311,1.0645e-08,0,0.000156,1,0.705,0.705,0.5,0
3,-0.00047434,1.1045e-08,0,0.00015553,1,0.706,0.706,0.5,0
3,-0.00047556,1.1444e-08,0,0.00015506,1,0.707,0.707,0.5,0
3,-0.00047678,1.1844e-08,0,0.00015458,1,0.708,0.708,0.5,0
3,-0.00047801,1.2243e-08,0,0.00015411,1,0.709,0.709,0.5,0
3,-0.00047923,1.2643e-08,0,0.00015364,1,0.71,0.71,0.5,0
3,-0.00048034,1.2917e-08,0,0.00015315,1,0.711,0.711,0.5,0
3,-0.00048144,1.3192e-08,0,0.00015267,1,0.712,0.712,0.5,0
3,-0.00048254,1.3467e-08,0,0.00015218,1,0.713,0.713,0.5,0
3,-0.00048365,1.3742e-08,0,0.0001517,1,0.714,0.714,0.5,0
3,-0.00048475,1.4017e-08,0,0.00015121,1,0.715,0.715,0.5,0
3,-0.00048585,1.4291e-08,0,0.00015073,1,0.716,0.716,0.5,0
3,-0.00048696,1.4566e-08,0,0.00015024,1,0.717,0.717,0.5,0
3,-0.00048806,1.4841e-08,0,0.00014976,1,0.718,0.718,0.5,0
3,-0.00048916,1.5116e-08,0,0.00014927,1,0.719,0.719,0.5,0
3,-0.00049027,1.539e-08,0,0.00014879,1,0.72,0.72,0.5,0
3,-0.00049125,1.5566e-08,0,0.00014829,1,0.721,0.721,0.5,0
3,-0.00049224,1.5742e-08,0,0.0001478,1,0.722,0.722,0.5,0
3,-0.00049322,1.5918e-08,0,0.0001473,1,0.723,0.723,0.5,0
3,-0.00049421,1.6093e-08,0,0.0001468,1,0.724,0.724,0.5,0
3,-0.00049519,1.6269e-08,0,0.00014631,1,0.725,0.725,0.5,0
3,-0.00049618,1.6445e-08,0,0.00014581,1,0.726,0.726,0.5,0
3,-0.00049716,1.662e-08,0,0.00014532,1,0.727,0.727,0.5,0
3,-0.00049815,1.6796e-08,0,0.00014482,1,0.728,0.728,0.5,0
3,-0.00049913,1.6972e-08,0,0.00014433,1,0.729,0.729,0.5,0
3,-0.00050011,1.7147e-08,0,0.00014383,1,0.73,0.73,0.5,0
3,-0.00050098,1.7247e-08,0,0.00014333,1,0.731,0.731,0.5,0
3,-0.00050185,1.7347e-08,0,0.00014282,1,0.732,0.732,0.5,0
3,-0.00050272,1.7447e-08,0,0.00014232,1,0.733,0.733,0.5,0
3,-0.00050359,1.7547e-08,0,0.00014181,1,0.734,0.734,0.5,0
3,-0.00050446,1.7648e-08,0,0.00014131,1,0.735,0.735,0.5,0
3,-0.00050533,1.7748e-08,0,0.0001408,1,0.736,0.736,0.5,0
3,-0.0005062,1.7848e-08,0,0.0001403,1,0.737,0.737,0.5,0
3,-0.00050707,1.7948e-08,0,0.00013979,1,0.738,0.738,0.5,0
3,-0.00050794,1.8048e-08,0,0.00013929,1,0.739,0.739,0.5,0
3,-0.00050881,1.8148e-08,0,0.00013878,1,0.74,0.74,0.5,0
3,-0.00050957,1.8191e-08,0,0.00013827,1,0.741,0.741,0.5,0
3,-0.00051032,1.8234e-08,0,0.00013776,1,0.742,0.742,0.5,0
3,-0.00051108,1.8277e-08,0,0.00013725,1,0.743,0.743,0.5,0
3,-0.00051184,1.832e-08,0,0.00013673,1,0.744,0.744,0.5,0
3,-0.0005126,1.8363e-08,0,0.00013622,1,0.745,0.745,0.5,0
3,-0.00051335,1.8406e-08,0,0.00013571,1,0.746,0.746,0.5,0
3,-0.00051411,1.8449e-08,0,0.00013519,1,0.747,0.747,0.5,0
3,-0.00051487,1.8493e-08,0,0.00013468,1,0.748,0.748,0.5,0
3,-0.00051563,1.8536e-08,0,0.00013417,1,0.749,0.749,0.5,0
3,-0.00051639,1.8579e-08,0,0.00013366,1,0.75,0.75,0.5,0
3,-0.00051704,1.8579e-08,0,0.00013314,1,0.751,0.751,0.5,0
3,-0.00051769,1.858e-08,0,0.00013262,1,0.752,0.752,0.5,0
3,-0.00051834,1.858e-08,0,0.0001321,1,0.753,0.753,0.5,0
3,-0.00051899,1.8581e-08,0,0.00013158,1,0.754,0.754,0.5,0
3,-0.00051964,1.8581e-08,0,0.00013106,1,0.755,0.755,0.5,0
3,-0.00052029,1.8582e-08,0,0.00013054,1,0.756,0.756,0.5,0
3,-0.00052094,1.8582e-08,0,0.00013002,1,0.757,0.757,0.5,0
3,-0.00052159,1.8583e-08,0,0.0001295,1,0.758,0.758,0.5,0
3,-0.00052224,1.8583e-08,0,0.00012898,1,0.759,0.759,0.5,0
3,-0.00052289,1.8584e-08,0,0.00012846,1,0.76,0.76,0.5,0
3,-0.00052344,1.8552e-08,0,0.00012793,1,0.761,0.761,0.5,0
3,-0.00052399,1.8521e-08,0,0.0001274,1,0.762,0.762,0.5,0
3,-0.00052453,1.849e-08,0,0.00012688,1,0.763,0.763,0.5,0
3,-0.00052508,1.8459e-08,0,0.00012635,1,0.764,0.764,0.5,0
3,-0.00052563,1.8427e-08,0,0.00012583,1,0.765,0.765,0.5,0
3,-0.00052618,1.8396e-08,0,0.0001253,1,0.766,0.766,0.5,0
3,-0.00052673,1.8365e-08,0,0.00012478,1,0.767,0.767,0.5,0
3,-0.00052728,1.8333e-08,0,0.00012425,1,0.768,0.768,0.5,0
3,-0.00052783,1.8302e-08,0,0.00012372,1,0.769,0.769,0.5,0
3,-0.00052837,1.8271e-08,0,0.0001232,1,0.77,0.77,0.5,0
3,-0.00052883,1.8216e-08,0,0.00012267,1,0.771,0.771,0.5,0
3,-0.00052928,1.8162e-08,0,0.00012214,1,0.772,0.772,0.5,0
3,-0.00052973,1.8107e-08,0,0.0001216,1,0.773,0.773,0.5,0
3,-0.00053018,1.8053e-08,0,0.00012107,1,0.774,0.774,0.5,0
3,-0.00053063,1.7998e-08,0,0.00012054,1,0.775,0.775,0.5,0
3,-0.00053109,1.7943e-08,0,0.00012001,1,0.776,0.776,0.5,0
3,-0.00053154,1.7889e-08,0,0.00011948,1,0.777,0.777,0.5,0
3,-0.00053199,1.7834e-08,0,0.00011895,1,0.778,0.778,0.5,0
3,-0.00053244,1.778e-08,0,0.00011842,1,0.779,0.779,0.5,0
3,-0.00053289,1.7725e-08,0,0.00011789,1,0.78,0.78,0.5,0
3,-0.00053325,1.7654e-08,0,0.00011735,1,0.781,0.781,0.5,0
3,-0.00053362,1.7582e-08,0,0.00011682,1,0.782,0.782,0.5,0
3,-0.00053398,1.7511e-08,0,0.00011628,1,0.783,0.783,0.5,0
3,-0.00053434,1.7439e-08,0,0.00011575,1,0.784,0.784,0.5,0
3,-0.0005347,1.7368e-08,0,0.00011521,1,0.785,0.785,0.5,0
3,-0.00053506,1.7296e-08,0,0.00011468,1,0.786,0.786,0.5,0
3,-0.00053543,1.7225e-08,0,0.00011414,1,0.787,0.787,0.5,0
3,-0.00053579,1.7154e-08,0,0.00011361,1,0.788,0.788,0.5,0
3,-0.00053615,1.7082e-08,0,0.00011307,1,0.789,0.789,0.5,0
3,-0.00053651,1.7011e-08,0,0.00011254,1,0.79,0.79,0.5,0
3,-0.00053679,1.6928e-08,0,0.000112,1,0.791,0.791,0.5,0
3,-0.00053707,1.6844e-08,0,0.00011146,1,0.792,0.792,0.5,0
3,-0.00053734,1.6761e-08,0,0.00011093,1,0.793,0.793,0.5,0
3,-0.00053762,1.6678e-08,0,0.00011039,1,0.794,0.794,0.5,0
3,-0.0005379,1.6595e-08,0,0.00010985,1,0.795,0.795,0.5,0
3,-0.00053818,1.6512e-08,0,0.00010931,1,0.796,0.796,0.5,0
3,-0.00053846,1.6428e-08,0,0.00010877,1,0.797,0.797,0.5,0
3,-0.00053874,1.6345e-08,0,0.00010823,1,0.798,0.798,0.5,0
3,-0.00053901,1.6262e-08,0,0.0001077,1,0.799,0.799,0.5,0
3,-0.00053929,1.6179e-08,0,0.00010716,1,0.8,0.8,0.5,0
3,-0.00053949,1.6088e-08,0,0.00010662,1,0.801,0.801,0.5,0
3,-0.00053969,1.5996e-08,0,0.00010608,1,0.802,0.802,0.5,0
3,-0.0005399,1.5905e-08,0,0.00010554,1,0.803,0.803,0.5,0
3,-0.0005401,1.5814e-08,0,0.000105,1,0.804,0.804,0.5,0
3,-0.0005403,1.5723e-08,0,0.00010446,1,0.805,0.805,0.5,0
3,-0.0005405,1.5632e-08,0,0.00010392,1,0.806,0.806,0.5,0
3,-0.0005407,1.5541e-08,0,0.00010338,1,0.807,0.807,0.5,0
3,-0.0005409,1.545e-08,0,0.00010283,1,0.808,0.808,0.5,0
3,-0.0005411,1.5359e-08,0,0.00010229,1,0.809,0.809,0.5,0
3,-0.0005413,1.5267e-08,0,0.00010175,1,0.81,0.81,0.5,0
3,-0.00054144,1.5171e-08,0,0.00010121,1,0.811,0.811,0.5,0
3,-0.00054157,1.5075e-08,0,0.00010067,1,0.812,0.812,0.5,0
3,-0.0005417,1.4979e-08,0,0.00010013,1,0.813,0.813,0.5,0
3,-0.00054183,1.4883e-08,0,9.9585e-05,1,0.814,0.814,0.5,0
3,-0.00054196,1.4787e-08,0,9.9043e-05,1,0.815,0.815,0.5,0
3,-0.00054209,1.4691e-08,0,9.8501e-05,1,0.816,0.816,0.5,0
3,-0.00054223,1.4594e-08,0,9.7959e-05,1,0.817,0.817,0.5,0
3,-0.00054236,1.4498e-08,0,9.7417e-05,1,0.818,0.818,0.5,0
3,-0.00054249,1.4402e-08,0,9.6875e-05,1,0.819,0.819,0.5,0
3,-0.00054262,1.4306e-08,0,9.6332e-05,1,0.82,0.82,0.5,0
3,-0.00054269,1.4207e-08,0,9.5789e-05,1,0.821,0.821,0.5,0
3,-0.00054276,1.4108e-08,0,9.5246e-05,1,0.822,0.822,0.5,0
3,-0.00054283,1.4009e-08,0,9.4703e-05,1,0.823,0.823,0.5,0
3,-0.0005429,1.391e-08,0,9.416e-05,1,0.824,0.824,0.5,0
3,-0.00054297,1.3811e-08,0,9.3617e-05,1,0.825,0.825,0.5,0
3,-0.00054304,1.3712e-08,0,9.3074e-05,1,0.826,0.826,0.5,0
3,-0.00054311,1.3613e-08,0,9.2531e-05,1,0.827,0.827,0.5,0
3,-0.00054318,1.3514e-08,0,9.1988e-05,1,0.828,0.828,0.5,0
3,-0.00054325,1.3415e-08,0,9.1444e-05,1,0.829,0.829,0.5,0
3,-0.00054332,1.3316e-08,0,9.0901e-05,1,0.83,0.83,0.5,0
3,-0.00054333,1.3215e-08,0,9.0358e-05,1,0.831,0.831,0.5,0
3,-0.00054335,1.3115e-08,0,8.9814e-05,1,0.832,0.832,0.5,0
3,-0.00054336,1.3014e-08,0,8.9271e-05,1,0.833,0.833,0.5,0
3,-0.00054338,1.2914e-08,0,8.8727e-05,1,0.834,0.834,0.5,0
3,-0.00054339,1.2814e-08,0,8.8184e-05,1,0.835,0.835,0.5,0
3,-0.00054341,1.2713e-08,0,8.764e-05,1,0.836,0.836,0.5,0
3,-0.00054342,1.2613e-08,0,8.7097e-05,1,0.837,0.837,0.5,0
3,-0.00054344,1.2512e-08,0,8.6553e-05,1,0.838,0.838,0.5,0
3,-0.00054345,1.2412e-08,0,8.601e-05,1,0.839,0.839,0.5,0
3,-0.00054346,1.2311e-08,0,8.5466e-05,1,0.84,0.84,0.5,0
3,-0.00054343,1.221e-08,0,8.4923e-05,1,0.841,0.841,0.5,0
3,-0.0005434,1.2109e-08,0,8.4379e-05,1,0.842,0.842,0.5,0
3,-0.00054337,1.2008e-08,0,8.3836e-05,1,0.843,0.843,0.5,0
3,-0.00054333,1.1907e-08,0,8.3292e-05,1,0.844,0.844,0.5,0
3,-0.0005433,1.1805e-08,0,8.2749e-05,1,0.845,0.845,0.5,0
3,-0.00054327,1.1704e-08,0,8.2206e-05,1,0.846,0.846,0.5,0
3,-0.00054324,1.1603e-08,0,8.1662e-05,1,0.847,0.847,0.5,0
3,-0.0005432,1.1502e-08,0,8.1119e-05,1,0.848,0.848,0.5,0
3,-0.00054317,1.1401e-08,0,8.0575e-05,1,0.849,0.849,0.5,0
3,-0.00054314,1.13e-08,0,8.0032e-05,1,0.85,0.85,0.5,0
3,-0.00054307,1.1198e-08,0,7.9489e-05,1,0.851,0.851,0.5,0
3,-0.000543,1.1096e-08,0,7.8946e-05,1,0.852,0.852,0.5,0
3,-0.00054292,1.0995e-08,0,7.8403e-05,1,0.853,0.853,0.5,0
3,-0.00054285,1.0893e-08,0,7.7861e-05,1,0.854,0.854,0.5,0
3,-0.00054278,1.0791e-08,0,7.7318e-05,1,0.855,0.855,0.5,0
3,-0.00054271,1.069e-08,0,7.6775e-05,1,0.856,0.856,0.5,0
3,-0.00054263,1.0588e-08,0,7.6232e-05,1,0.857,0.857,0.5,0
3,-0.00054256,1.0486e-08,0,7.5689e-05,1,0.858,0.858,0.5,0
3,-0.00054249,1.0385e-08,0,7.5146e-05,1,0.859,0.859,0.5,0
3,-0.00054242,1.0283e-08,0,7.4603e-05,1,0.86,0.86,0.5,0
3,-0.00054231,1.018e-08,0,7.4061e-05,1,0.861,0.861,0.5,0
3,-0.00054221,1.0078e-08,0,7.3519e-05,1,0.862,0.862,0.5,0
3,-0.0005421,9.9753e-09,0,7.2977e-05,1,0.863,0.863,0.5,0
3,-0.000542,9.8728e-09,0,7.2435e-05,1,0.864,0.864,0.5,0
3,-0.00054189,9.7702e-09,0,7.1893e-05,1,0.865,0.865,0.5,0
3,-0.00054179,9.6677e-09,0,7.1352e-05,1,0.866,0.866,0.5,0
3,-0.00054168,9.5652e-09,0,7.081e-05,1,0.867,0.867,0.5,0
3,-0.00054158,9.4626e-09,0,7.0268e-05,1,0.868,0.868,0.5,0
3,-0.00054148,9.3601e-09,0,6.9726e-05,1,0.869,0.869,0.5,0
3,-0.00054137,9.2575e-09,0,6.9184e-05,1,0.87,0.87,0.5,0
3,-0.00054124,9.154e-09,0,6.8643e-05,1,0.871,0.871,0.5,0
3,-0.00054111,9.0505e-09,0,6.8102e-05,1,0.872,0.872,0.5,0
3,-0.00054098,8.947e-09,0,6.7561e-05,1,0.873,0.873,0.5,0
3,-0.00054085,8.8435e-09,0,6.7021e-05,1,0.874,0.874,0.5,0
3,-0.00054072,8.74e-09,0,6.648e-05,1,0.875,0.875,0.5,0
3,-0.00054059,8.6365e-09,0,6.5939e-05,1,0.876,0.876,0.5,0
3,-0.00054046,8.533e-09,0,6.5398e-05,1,0.877,0.877,0.5,0
3,-0.00054033,8.4295e-09,0,6.4857e-05,1,0.878,0.878,0.5,0
3,-0.0005402,8.326e-09,0,6.4317e-05,1,0.879,0.879,0.5,0
3,-0.00054007,8.2225e-09,0,6.3776e-05,1,0.88,0.88,0.5,0
3,-0.00053992,8.1201e-09,0,6.3237e-05,1,0.881,0.881,0.5,0
3,-0.00053978,8.0177e-09,0,6.2697e-05,1,0.882,0.882,0.5,0
3,-0.00053963,7.9153e-09,0,6.2158e-05,1,0.883,0.883,0.5,0
3,-0.00053948,7.8129e-09,0,6.1618e-05,1,0.884,0.884,0.5,0
3,-0.00053933,7.7105e-09,0,6.1079e-05,1,0.885,0.885,0.5,0
3,-0.00053918,7.6081e-09,0,6.054e-05,1,0.886,0.886,0.5,0
3,-0.00053904,7.5057e-09,0,6e-05,1,0.887,0.887,0.5,0
3,-0.00053889,7.4033e-09,0,5.9461e-05,1,0.888,0.888,0.5,0
3,-0.00053874,7.3009e-09,0,5.8922e-05,1,0.889,0.889,0.5,0
3,-0.00053859,7.1985e-09,0,5.8382e-05,1,0.89,0.89,0.5,0
3,-0.00053843,7.1058e-09,0,5.7844e-05,1,0.891,0.891,0.5,0
3,-0.00053827,7.0132e-09,0,5.7307e-05,1,0.892,0.892,0.5,0
3,-0.00053811,6.9206e-09,0,5.6769e-05,1,0.893,0.893,0.5,0
3,-0.00053795,6.828e-09,0,5.6231e-05,1,0.894,0.894,0.5,0
3,-0.00053779,6.7354e-09,0,5.5693e-05,1,0.895,0.895,0.5,0
3,-0.00053763,6.6428e-09,0,5.5155e-05,1,0.896,0.896,0.5,0
3,-0.00053747,6.5502e-09,0,5.4618e-05,1,0.897,0.897,0.5,0
3,-0.00053731,6.4576e-09,0,5.408e-05,1,0.898,0.898,0.5,0
3,-0.00053715,6.3649e-09,0,5.3542e-05,1,0.899,0.899,0.5,0
3,-0.00053699,6.2723e-09,0,5.3004e-05,1,0.9,0.9,0.5,0
3,-0.00053683,6.2131e-09,0,5.2468e-05,1,0.901,0.901,0.5,0
3,-0.00053666,6.1539e-09,0,5.1932e-05,1,0.902,0.902,0.5,0
3,-0.0005365,6.0947e-09,0,5.1396e-05,1,0.903,0.903,0.5,0
3,-0.00053633,6.0355e-09,0,5.0859e-05,1,0.904,0.904,0.5,0
3,-0.00053617,5.9763e-09,0,5.0323e-05,1,0.905,0.905,0.5,0
3,-0.000536,5.9171e-09,0,4.9787e-05,1,0.906,0.906,0.5,0
3,-0.00053584,5.8579e-09,0,4.9251e-05,1,0.907,0.907,0.5,0
3,-0.00053567,5.7987e-09,0,4.8715e-05,1,0.908,0.908,0.5,0
3,-0.00053551,5.7394e-09,0,4.8179e-05,1,0.909,0.909,0.5,0
3,-0.00053534,5.6802e-09,0,4.7642e-05,1,0.91,0.91,0.5,0
3,-0.00053518,5.7044e-09,0,4.7108e-05,1,0.911,0.911,0.5,0
3,-0.00053502,5.7286e-09,0,4.6573e-05,1,0.912,0.912,0.5,0
3,-0.00053485,5.7527e-09,0,4.6039e-05,1,0.913,0.913,0.5,0
3,-0.00053469,5.7769e-09,0,4.5504e-05,1,0.914,0.914,0.5,0
3,-0.00053452,5.801e-09,0,4.497e-05,1,0.915,0.915,0.5,0
3,-0.00053436,5.8252e-09,0,4.4435e-05,1,0.916,0.916,0.5,0
3,-0.00053419,5.8494e-09,0,4.3901e-05,1,0.917,0.917,0.5,0
3,-0.00053403,5.8735e-09,0,4.3366e-05,1,0.918,0.918,0.5,0
3,-0.00053386,5.8977e-09,0,4.2832e-05,1,0.919,0.919,0.5,0
3,-0.0005337,5.9218e-09,0,4.2297e-05,1,0.92,0.92,0.5,0
3,-0.00053354,6.1116e-09,0,4.1764e-05,1,0.921,0.921,0.5,0
3,-0.00053338,6.3013e-09,0,4.1231e-05,1,0.922,0.922,0.5,0
3,-0.00053323,6.4911e-09,0,4.0699e-05,1,0.923,0.923,0.5,0
3,-0.00053307,6.6808e-09,0,4.0166e-05,1,0.924,0.924,0.5,0
3,-0.00053291,6.8706e-09,0,3.9633e-05,1,0.925,0.925,0.5,0
3,-0.00053275,7.0603e-09,0,3.91e-05,1,0.926,0.926,0.5,0
3,-0.00053259,7.2501e-09,0,3.8567e-05,1,0.927,0.927,0.5,0
3,-0.00053243,7.4398e-09,0,3.8034e-05,1,0.928,0.928,0.5,0
3,-0.00053228,7.6296e-09,0,3.7501e-05,1,0.929,0.929,0.5,0
3,-0.00053212,7.8193e-09,0,3.6968e-05,1,0.93,0.93,0.5,0
3,-0.00053197,8.2629e-09,0,3.6437e-05,1,0.931,0.931,0.5,0
3,-0.00053182,8.7065e-09,0,3.5906e-05,1,0.932,0.932,0.5,0
3,-0.00053168,9.1501e-09,0,3.5374e-05,1,0.933,0.933,0.5,0
3,-0.00053153,9.5936e-09,0,3.4843e-05,1,0.934,0.934,0.5,0
3,-0.00053138,1.0037e-08,0,3.4312e-05,1,0.935,0.935,0.5,0
3,-0.00053124,1.0481e-08,0,3.378e-05,1,0.936,0.936,0.5,0
3,-0.00053109,1.0924e-08,0,3.3249e-05,1,0.937,0.937,0.5,0
3,-0.00053094,1.1368e-08,0,3.2718e-05,1,0.938,0.938,0.5,0
3,-0.00053079,1.1811e-08,0,3.2186e-05,1,0.939,0.939,0.5,0
3,-0.00053065,1.2255e-08,0,3.1655e-05,1,0.94,0.94,0.5,0
3,-0.00053051,1.2942e-08,0,3.1125e-05,1,0.941,0.941,0.5,0
3,-0.00053038,1.3629e-08,0,3.0595e-05,1,0.942,0.942,0.5,0
3,-0.00053025,1.4316e-08,0,3.0065e-05,1,0.943,0.943,0.5,0
3,-0.00053012,1.5003e-08,0,2.9535e-05,1,0.944,0.944,0.5,0
3,-0.00052999,1.569e-08,0,2.9005e-05,1,0.945,0.945,0.5,0
3,-0.00052985,1.6377e-08,0,2.8475e-05,1,0.946,0.946,0.5,0
3,-0.00052972,1.7064e-08,0,2.7945e-05,1,0.947,0.947,0.5,0
3,-0.00052959,1.7751e-08,0,2.7415e-05,1,0.948,0.948,0.5,0
3,-0.00052946,1.8438e-08,0,2.6885e-05,1,0.949,0.949,0.5,0
3,-0.00052932,1.9125e-08,0,2.6355e-05,1,0.95,0.95,0.5,0
3,-0.00052921,1.9752e-08,0,2.5827e-05,1,0.951,0.951,0.5,0
3,-0.0005291,2.0379e-08,0,2.5298e-05,1,0.952,0.952,0.5,0
3,-0.00052898,2.1007e-08,0,2.4769e-05,1,0.953,0.953,0.5,0
3,-0.00052887,2.1634e-08,0,2.4241e-05,1,0.954,0.954,0.5,0
3,-0.00052875,2.2262e-08,0,2.3712e-05,1,0.955,0.955,0.5,0
3,-0.00052864,2.2889e-08,0,2.3183e-05,1,0.956,0.956,0.5,0
3,-0.00052853,2.3517e-08,0,2.2654e-05,1,0.957,0.957,0.5,0
3,-0.00052841,2.4144e-08,0,2.2126e-05,1,0.958,0.958,0.5,0
3,-0.0005283,2.4772e-08,0,2.1597e-05,1,0.959,0.959,0.5,0
3,-0.00052818,2.5399e-08,0,2.1068e-05,1,0.96,0.96,0.5,0
3,-0.00052809,2.5302e-08,0,2.0541e-05,1,0.961,0.961,0.5,0
3,-0.000528,2.5205e-08,0,2.0013e-05,1,0.962,0.962,0.5,0
3,-0.0005279,2.5108e-08,0,1.9485e-05,1,0.963,0.963,0.5,0
3,-0.00052781,2.5012e-08,0,1.8958e-05,1,0.964,0.964,0.5,0
3,-0.00052772,2.4915e-08,0,1.843e-05,1,0.965,0.965,0.5,0
3,-0.00052762,2.4818e-08,0,1.7902e-05,1,0.966,0.966,0.5,0
3,-0.00052753,2.4721e-08,0,1.7375e-05,1,0.967,0.967,0.5,0
3,-0.00052744,2.4624e-08,0,1.6847e-05,1,0.968,0.968,0.5,0
3,-0.00052735,2.4527e-08,0,1.6319e-05,1,0.969,0.969,0.5,0
3,-0.00052725,2.4431e-08,0,1.5792e-05,1,0.97,0.97,0.5,0
3,-0.00052718,2.3209e-08,0,1.5265e-05,1,0.971,0.971,0.5,0
3,-0.00052712,2.1987e-08,0,1.4738e-05,1,0.972,0.972,0.5,0
3,-0.00052705,2.0765e-08,0,1.4211e-05,1,0.973,0.973,0.5,0
3,-0.00052698,1.9543e-08,0,1.3684e-05,1,0.974,0.974,0.5,0
3,-0.00052691,1.8321e-08,0,1.3158e-05,1,0.975,0.975,0.5,0
3,-0.00052684,1.71e-08,0,1.2631e-05,1,0.976,0.976,0.5,0
3,-0.00052677,1.5878e-08,0,1.2104e-05,1,0.977,0.977,0.5,0
3,-0.00052671,1.4656e-08,0,1.1577e-05,1,0.978,0.978,0.5,0
3,-0.00052664,1.3434e-08,0,1.105e-05,1,0.979,0.979,0.5,0
3,-0.00052657,1.2212e-08,0,1.0523e-05,1,0.98,0.98,0.5,0
3,-0.00052653,1.0884e-08,0,9.997e-06,1,0.981,0.981,0.5,0
3,-0.00052649,9.5553e-09,0,9.4707e-06,1,0.982,0.982,0.5,0
3,-0.00052645,8.2268e-09,0,8.9444e-06,1,0.983,0.983,0.5,0
3,-0.00052641,6.8983e-09,0,8.4181e-06,1,0.984,0.984,0.5,0
3,-0.00052637,5.5699e-09,0,7.8918e-06,1,0.985,0.985,0.5,0
3,-0.00052633,4.2414e-09,0,7.3655e-06,1,0.986,0.986,0.5,0
3,-0.00052629,2.913e-09,0,6.8392e-06,1,0.987,0.987,0.5,0
3,-0.00052625,1.5846e-09,0,6.313e-06,1,0.988,0.988,0.5,0
3,-0.00052621,2.5603e-10,0,5.7866e-06,1,0.989,0.989,0.5,0
3,-0.00052616,-1.0724e-09,0,5.2604e-06,1,0.99,0.99,0.5,0
3,-0.00052615,-9.6516e-10,0,4.7343e-06,1,0.991,0.991,0.5,0
3,-0.00052614,-8.5792e-10,0,4.2083e-06,1,0.992,0.992,0.5,0
3,-0.00052613,-7.5068e-10,0,3.6823e-06,1,0.993,0.993,0.5,0
3,-0.00052611,-6.4344e-10,0,3.1562e-06,1,0.994,0.994,0.5,0
3,-0.0005261,-5.362e-10,0,2.6302e-06,1,0.995,0.995,0.5,0
3,-0.00052609,-4.2896e-10,0,2.1041e-06,1,0.996,0.996,0.5,0
3,-0.00052607,-3.2172e-10,0,1.5781e-06,1,0.997,0.997,0.5,0
3,-0.00052606,-2.1448e-10,0,1.0521e-06,1,0.998,0.998,0.5,0
3,-0.00052605,-1.0724e-10,0,5.2603e-07,1,0.999,0.999,0.5,0
3,-0.00052604,0,0,0,1,1,1,0.5,0
